{
  "project_info": {
    "project_id": "gcmapp-e0ff3",
    "project_number": "626468939965",
    "name": "GCMApp"
  },
  "client": [
    {
      "client_info": {
        "mobilesdk_app_id": "1:626468939965:android:b392cf8818cdd660",
        "client_id": "android:com.packtpub.androidcookbook.gcm",
        "client_type": 1,
        "android_client_info": {
          "package_name": "com.packtpub.androidcookbook.gcm"
        }
      },
      "oauth_client": [],
      "api_key": [],
      "services": {
        "analytics_service": {
          "status": 1
        },
        "cloud_messaging_service": {
          "status": 2,
          "apns_config": []
        },
        "appinvite_service": {
          "status": 1,
          "other_platform_oauth_client": []
        },
        "google_signin_service": {
          "status": 1
        },
        "ads_service": {
          "status": 1
        }
      }
    }
  ],
  "client_info": [],
  "ARTIFACT_VERSION": "1"
}